code,name,src
TS0,密集调研,ts
TS1,南北船合并,ts
TS2,5G,ts
TS3,机场,ts
TS4,高价股,ts
TS5,烧碱,ts
TS6,AH溢价股,ts
TS7,保险,ts
TS8,PVC,ts
TS9,啤酒,ts
TS10,火电,ts
TS11,银行,ts
TS12,碳纤维,ts
TS13,安邦系,ts
TS14,特高压,ts
TS16,光通信,ts
TS17,草甘膦,ts
TS18,高速公路,ts
TS19,有色-铝,ts
TS20,有色-锆,ts
TS21,主题公园,ts
TS22,白马股,ts
TS23,雄安-地产,ts
TS24,OLED,ts
TS25,MSCI,ts
TS26,健康中国,ts
TS27,养老金持股,ts
TS28,水电,ts
TS29,环氧丙烷,ts
TS30,PCB板,ts
TS31,煤炭,ts
TS32,中字头,ts
TS33,血制品,ts
TS34,钢铁,ts
TS35,油服,ts
TS36,内蒙古,ts
TS37,券商,ts
TS38,有色-锌,ts
TS39,人民币升值受益,ts
TS40,阿里巴巴概念股,ts
TS41,有色-锑,ts
TS42,海工装备,ts
TS43,新能源整车,ts
TS44,涤纶,ts
TS45,振兴东北,ts
TS46,有色-镁,ts
TS47,油气改革,ts
TS48,一带一路,ts
TS49,新进指数成份股,ts
TS50,玻纤,ts
TS51,大消费,ts
TS52,被动元件,ts
TS53,北汽新能源,ts
TS54,可燃冰,ts
TS55,东盟博览会,ts
TS56,电改,ts
TS57,石墨电极,ts
TS58,北京城市规划,ts
TS59,特斯拉,ts
TS60,赛马,ts
TS61,航运,ts
TS62,金改,ts
TS63,超级高铁,ts
TS64,农药,ts
TS65,汽车整车,ts
TS66,次新股,ts
TS67,安徽国企改革,ts
TS68,水务,ts
TS69,混改,ts
TS70,PD-1抑制剂,ts
TS71,二胎,ts
TS72,固废处理,ts
TS73,医药商业,ts
TS74,教育,ts
TS75,军工混改,ts
TS76,海底捞概念股,ts
TS78,硅锰,ts
TS79,高送转-预期,ts
TS80,央企改革,ts
TS81,有机硅,ts
TS82,民营医院,ts
TS83,华为产业链,ts
TS84,蔚来汽车概念股,ts
TS85,甲醇,ts
TS86,军工研究所,ts
TS87,港口,ts
TS88,社保重仓,ts
TS89,美团概念股,ts
TS90,纯碱,ts
TS91,转基因,ts
TS92,旅游,ts
TS93,福建自贸区,ts
TS94,核电,ts
TS95,乡村振兴,ts
TS96,调味品,ts
TS97,大飞机,ts
TS98,回购,ts
TS99,通用航空,ts
TS100,白酒,ts
TS101,汽车销售,ts
TS102,重庆国企改革,ts
TS103,制冷剂,ts
TS104,航母,ts
TS105,新零售,ts
TS106,饲料,ts
TS107,空铁WiFi,ts
TS108,有色金属,ts
TS109,养猪,ts
TS110,芬太尼概念,ts
TS111,业绩预增,ts
TS112,参股券商,ts
TS113,园林,ts
TS114,宝能系,ts
TS115,破净股,ts
TS116,饮料,ts
TS117,风电,ts
TS118,粤港澳大湾区,ts
TS119,棉花,ts
TS120,中科院系,ts
TS121,页岩气,ts
TS122,重卡,ts
TS123,供应链金融,ts
TS124,保健品,ts
TS125,锦纶（尼龙）,ts
TS126,染料,ts
TS127,军工,ts
TS128,纺织服装,ts
TS129,天然气,ts
TS130,军民融合,ts
TS131,石油化工,ts
TS132,浙江国企改革,ts
TS133,无人机,ts
TS134,有色-镍,ts
TS135,养鸡,ts
TS136,兜底式增持,ts
TS137,有色-钴,ts
TS138,汽车零部件,ts
TS139,有色-钼,ts
TS140,炭黑,ts
TS141,大基建,ts
TS142,物联网,ts
TS143,百度概念股,ts
TS144,筹码集中,ts
TS145,宁德时代概念股,ts
TS146,光伏,ts
TS147,信托,ts
TS148,储能,ts
TS149,装配式建筑,ts
TS150,煤化工,ts
TS151,脑科学,ts
TS152,食品,ts
TS153,无人驾驶,ts
TS154,债转股-AMC,ts
TS155,湖南国企改革,ts
TS156,新疆,ts
TS157,雄安-园林环保,ts
TS158,雄安-金融,ts
TS159,中韩自贸区,ts
TS160,恒大概念股,ts
TS161,智慧物流,ts
TS162,谷歌概念股,ts
TS163,雄安-智慧城市,ts
TS164,化肥,ts
TS165,特色小镇,ts
TS166,养老产业,ts
TS167,厨卫家电,ts
TS168,农垦,ts
TS169,农机,ts
TS170,定增破发,ts
TS171,稀土磁材,ts
TS172,休闲食品,ts
TS173,小家电,ts
TS174,有色-钨,ts
TS175,工业自动化,ts
TS176,智能仪表,ts
TS177,雄安-建材,ts
TS178,乳业（奶粉）,ts
TS179,山西国企改革,ts
TS180,水泥,ts
TS181,地下管廊,ts
TS182,轮胎,ts
TS183,铁总混改,ts
TS184,机械,ts
TS185,环杭州湾大湾区,ts
TS186,高质押率,ts
TS187,雄安-公共服务,ts
TS188,河南自贸区,ts
TS189,山东国企改革,ts
TS190,医药,ts
TS191,太赫兹,ts
TS192,万达系,ts
TS193,白色家电,ts
TS194,白糖,ts
TS195,水利,ts
TS196,中药,ts
TS197,智慧停车,ts
TS198,大气治理,ts
TS199,房地产,ts
TS200,创新药,ts
TS201,海绵城市,ts
TS202,北斗导航,ts
TS203,铁矿石,ts
TS204,网络安全,ts
TS205,家电,ts
TS206,土地流转,ts
TS207,化学药,ts
TS208,锂电池,ts
TS209,海南自由贸易港,ts
TS210,PPP,ts
TS211,小米概念股,ts
TS212,疫苗,ts
TS213,林业,ts
TS214,磷化工,ts
TS215,燃料电池,ts
TS216,量子通信,ts
TS218,环保,ts
TS219,3D打印,ts
TS220,数字中国,ts
TS221,智能制造,ts
TS222,创业板人气股,ts
TS223,直播/短视频,ts
TS224,冷链,ts
TS225,雄安新区,ts
TS226,新疆国企改革,ts
TS227,互联网金融,ts
TS228,有色-钒,ts
TS229,无线充电,ts
TS230,维生素,ts
TS231,上海国企改革,ts
TS232,新能源汽车,ts
TS233,基因测序,ts
TS234,雄安-工程基建,ts
TS235,京津冀,ts
TS236,快递物流,ts
TS237,医疗器械,ts
TS238,移动支付,ts
TS239,大数据,ts
TS240,油品升级,ts
TS241,低价股,ts
TS242,醋酸,ts
TS243,流感,ts
TS244,药品信息化追溯,ts
TS245,有色-铜,ts
TS246,云计算,ts
TS247,进口博览会,ts
TS248,人民币贬值受益,ts
TS249,举牌股,ts
TS250,住房租赁,ts
TS251,高送转,ts
TS252,自贸区,ts
TS253,耐火材料,ts
TS254,人工智能,ts
TS255,草铵膦,ts
TS256,造纸,ts
TS257,石墨烯,ts
TS258,互联网医疗,ts
TS259,眼科,ts
TS260,污水处理,ts
TS261,区块链,ts
TS262,玻璃,ts
TS263,足球,ts
TS264,工业互联网,ts
TS265,指纹识别,ts
TS266,半导体,ts
TS267,3D感应,ts
TS268,无人商店,ts
TS269,智慧城市,ts
TS270,农业种植,ts
TS271,3D玻璃,ts
TS272,印染,ts
TS273,西藏,ts
TS274,雄安-周边,ts
TS275,跨境电商,ts
TS276,粘胶短纤,ts
TS277,国产软件,ts
TS278,智能音箱,ts
TS279,天津国企改革,ts
TS280,自由贸易港,ts
TS281,广西,ts
TS282,股权转让,ts
TS283,电竞,ts
TS284,彩票,ts
TS285,钛白粉,ts
TS286,复牌股,ts
TS287,精准医疗,ts
TS288,京东金融概念股,ts
TS289,民爆,ts
TS290,VR&AR,ts
TS291,腾讯概念股,ts
TS292,家具家居,ts
TS293,苹果产业链,ts
TS294,高校系,ts
TS295,国产芯片,ts
TS296,滴滴出行概念股,ts
TS297,共享经济,ts
TS298,期货概念,ts
TS299,黑色家电,ts
TS300,地热,ts
TS301,天津自贸区,ts
TS302,迈瑞医疗概念股,ts
TS303,医疗信息化,ts
TS304,动物保健,ts
TS305,电子发票,ts
TS306,股权争夺,ts
TS307,国产操作系统,ts
TS308,高铁轨交,ts
TS309,体外诊断,ts
TS310,机器视觉,ts
TS311,国资入股,ts
TS312,包装印刷,ts
TS313,智慧安防,ts
TS314,资产重组,ts
TS315,独角兽,ts
TS316,年报季报,ts
TS317,机器人,ts
TS318,LED,ts
TS319,碳交易,ts
TS320,手势识别,ts
TS321,ST股,ts
TS322,蚂蚁金服概念股,ts
TS323,充电桩,ts
TS324,游戏,ts
TS325,装修装饰,ts
TS326,有色-钛,ts
TS327,手游,ts
TS328,虹膜识别,ts
TS329,广电,ts
TS330,深圳本地股/深汕合作,ts
TS331,化妆品,ts
TS332,体育产业,ts
TS333,影视,ts
TS334,壳公司,ts
TS335,黄金,ts
TS336,海南,ts
TS337,知识产权,ts
TS338,燃料乙醇,ts
TS339,ST摘帽,ts
TS340,破发次新,ts
TS341,上海自由贸易港,ts
TS342,民航,ts
TS343,宁夏,ts
TS344,人脸识别,ts
TS345,强势人气股,ts
TS346,橡胶,ts
TS347,动漫,ts
TS348,苹果期货,ts
TS349,无人银行,ts
TS350,富勒烯,ts
TS351,科创板概念股,ts
TS352,创投,ts
TS353,电子车牌,ts
TS354,雄安-设计,ts
TS355,工业大麻,ts
TS356,透明工厂,ts
TS357,人造肉,ts
TS358,垃圾分类,ts
TS359,科创板,ts
TS360,科创板对标,ts
TS361,新型病毒,ts